组件,版本,CVE ID,CVSS,描述
wpa_supplicant,2.10,CVE-2023-52160,,The implementation of PEAP in wpa_supplicant through 2.10 allows authentication bypass. For a succes
libcurl,8.11.1,CVE-2025-0725,,When libcurl is asked to perform automatic gzip decompression of content-encoded HTTP responses with
linux_kernel,5.10.140,CVE-2023-26545,,"In the Linux kernel before 6.1.13, there is a double free in net/mpls/af_mpls.c upon an allocation f"
linux_kernel,5.10.140,CVE-2023-26607,,"In the Linux kernel 6.0.8, there is an out-of-bounds read in ntfs_attr_find in fs/ntfs/attrib.c."
linux_kernel,5.10.140,CVE-2023-25012,,The Linux kernel through 6.1.9 has a Use-After-Free in bigben_remove in drivers/hid/hid-bigbenff.c v
linux_kernel,5.10.140,CVE-2023-2513,,A use-after-free vulnerability was found in the Linux kernel's ext4 filesystem in the way it handled
linux_kernel,5.10.140,CVE-2023-0179,,A buffer overflow vulnerability was found in the Netfilter subsystem in the Linux Kernel. This issue
linux_kernel,5.10.140,CVE-2023-0266,,A use after free vulnerability exists in the ALSA PCM package in the Linux Kernel. SNDRV_CTL_IOCTL_E
linux_kernel,5.10.140,CVE-2022-3424,,A use-after-free flaw was found in the Linux kernel’s SGI GRU driver in the way the first gru_file_u
linux_kernel,5.10.140,CVE-2023-0394,,A NULL pointer dereference flaw was found in rawv6_push_pending_frames in net/ipv6/raw.c in the netw
linux_kernel,5.10.140,CVE-2023-0615,,A memory leak flaw and potential divide by zero and Integer overflow was found in the Linux kernel V
linux_kernel,5.10.140,CVE-2023-1513,,"A flaw was found in KVM. When calling the KVM_GET_DEBUGREGS ioctl, on 32-bit systems, there might be"
linux_kernel,5.10.140,CVE-2023-2162,,A use-after-free vulnerability was found in iscsi_sw_tcp_session_create in drivers/scsi/iscsi_tcp.c 
linux_kernel,5.10.140,CVE-2023-23005,,"In the Linux kernel before 6.2, mm/memory-tiers.c misinterprets the alloc_memory_type return value ("
linux_kernel,5.10.140,CVE-2023-2430,,A vulnerability was found due to missing lock for IOPOLL flaw in io_cqring_event_overflow() in io_ur
linux_kernel,5.10.140,CVE-2023-28328,,A NULL pointer dereference flaw was found in the az6027 driver in drivers/media/usb/dev-usb/az6027.c
linux_kernel,5.10.140,CVE-2023-3161,,A flaw was found in the Framebuffer Console (fbcon) in the Linux Kernel. When providing font->width 
linux_kernel,5.10.140,CVE-2023-3358,,A null pointer dereference was found in the Linux kernel's Integrated Sensor Hub (ISH) driver. This 
linux_kernel,5.10.140,CVE-2023-3359,,An issue was discovered in the Linux kernel brcm_nvram_parse in drivers/nvmem/brcm_nvram.c. Lacks fo
linux_kernel,5.10.140,CVE-2022-3533,,A vulnerability was found in Linux Kernel. It has been rated as problematic. This issue affects the 
linux_kernel,5.10.140,CVE-2022-3606,,A vulnerability was found in Linux Kernel. It has been classified as problematic. This affects the f
linux_kernel,5.10.140,CVE-2023-0458,,A speculative pointer dereference problem exists in the Linux Kernel on the do_prlimit() function. T
linux_kernel,5.10.140,CVE-2023-0459,,Copy_from_user on 64-bit versions of the Linux kernel does not implement the __uaccess_begin_nospec 
linux_kernel,5.10.140,CVE-2023-0461,,There is a use-after-free vulnerability in the Linux Kernel which can be exploited to achieve local 
linux_kernel,5.10.140,CVE-2023-0468,,A use-after-free flaw was found in io_uring/poll.c in io_poll_check_events in the io_uring subcompon
linux_kernel,5.10.140,CVE-2023-0469,,A use-after-free flaw was found in io_uring/filetable.c in io_install_fixed_file in the io_uring sub
linux_kernel,5.10.140,CVE-2023-0590,,A use-after-free flaw was found in qdisc_graft in net/sched/sch_api.c in the Linux Kernel due to a r
linux_kernel,5.10.140,CVE-2023-1195,,A use-after-free flaw was found in reconn_set_ipaddr_from_hostname in fs/cifs/connect.c in the Linux
linux_kernel,5.10.140,CVE-2023-1382,,"A data race flaw was found in the Linux kernel, between where con is allocated and con->sock is set."
linux_kernel,5.10.140,CVE-2023-2166,,A null pointer dereference issue was found in can protocol in net/can/af_can.c in the Linux before L
linux_kernel,5.10.140,CVE-2023-3355,,A NULL pointer dereference flaw was found in the Linux kernel's drivers/gpu/drm/msm/msm_gem_submit.c
linux_kernel,5.10.140,CVE-2022-3543,,"A vulnerability, which was classified as problematic, has been found in Linux Kernel. This issue aff"
linux_kernel,5.10.140,CVE-2022-3594,,A vulnerability was found in Linux Kernel. It has been declared as problematic. Affected by this vul
linux_kernel,5.10.140,CVE-2022-3595,,A vulnerability was found in Linux Kernel. It has been rated as problematic. Affected by this issue 
linux_kernel,5.10.140,CVE-2022-3707,,A double-free memory flaw was found in the Linux kernel. The Intel GVT-g graphics driver triggers VG
linux_kernel,5.10.140,CVE-2022-45869,,A race condition in the x86 KVM subsystem in the Linux kernel through 6.1-rc6 allows guest OS users 
linux_kernel,5.10.140,CVE-2023-22996,,"In the Linux kernel before 5.17.2, drivers/soc/qcom/qcom_aoss.c does not release an of_find_device_b"
linux_kernel,5.10.140,CVE-2022-49177,,"In the Linux kernel, the following vulnerability has been resolved:  hwrng: cavium - fix NULL but de"
linux_kernel,5.10.140,CVE-2023-22997,,"In the Linux kernel before 6.1.2, kernel/module/decompress.c misinterprets the module_get_next_page "
linux_kernel,5.10.140,CVE-2023-22998,,"In the Linux kernel before 6.0.3, drivers/gpu/drm/virtio/virtgpu_object.c misinterprets the drm_gem_"
linux_kernel,5.10.140,CVE-2023-22999,,"In the Linux kernel before 5.16.3, drivers/usb/dwc3/dwc3-qcom.c misinterprets the dwc3_qcom_create_u"
linux_kernel,5.10.140,CVE-2023-23001,,"In the Linux kernel before 5.16.3, drivers/scsi/ufs/ufs-mediatek.c misinterprets the regulator_get r"
linux_kernel,5.10.140,CVE-2023-23002,,"In the Linux kernel before 5.16.3, drivers/bluetooth/hci_qca.c misinterprets the devm_gpiod_get_inde"
linux_kernel,5.10.140,CVE-2022-26878,,drivers/bluetooth/virtio_bt.c in the Linux kernel before 5.16.3 has a memory leak (socket buffers ha
linux_kernel,5.10.140,CVE-2021-44879,,"In gc_data_segment in fs/f2fs/gc.c in the Linux kernel before 5.16.3, special files are not consider"
linux_kernel,5.10.140,CVE-2023-23003,,"In the Linux kernel before 5.16, tools/perf/util/expr.c lacks a check for the hashmap__new return va"
linux_kernel,5.10.140,CVE-2022-0264,,A vulnerability was found in the Linux kernel's eBPF verifier when handling internal data structures
linux_kernel,5.10.140,CVE-2022-1195,,A use-after-free vulnerability was found in the Linux kernel in drivers/net/hamradio. This flaw allo
linux_kernel,5.10.140,CVE-2021-4002,,A memory leak flaw in the Linux kernel's hugetlbfs memory usage was found in the way the user maps s
linux_kernel,5.10.140,CVE-2021-4090,,An out-of-bounds (OOB) memory write flaw was found in the NFSD in the Linux kernel. Missing sanity m
linux_kernel,5.10.140,CVE-2021-4135,,A memory leak vulnerability was found in the Linux kernel's eBPF for the Simulated networking device
linux_kernel,5.10.140,CVE-2021-4155,,A data leak flaw was found in the way XFS_IOC_ALLOCSP IOCTL in the XFS filesystem allowed for size i
linux_kernel,5.10.140,CVE-2021-45402,,The check_alu_op() function in kernel/bpf/verifier.c in the Linux kernel through v5.16-rc5 did not p
linux_kernel,5.10.140,CVE-2023-23006,,"In the Linux kernel before 5.15.13, drivers/net/ethernet/mellanox/mlx5/core/steering/dr_domain.c mis"
linux_kernel,5.10.140,CVE-2023-23039,,An issue was discovered in the Linux kernel through 6.2.0-rc2. drivers/tty/vcc.c has a race conditio
linux_kernel,5.10.140,CVE-2023-3567,,A use-after-free flaw was found in vcs_read in drivers/tty/vt/vc_screen.c in vc_screen in the Linux 
linux_kernel,5.10.140,CVE-2023-2163,,Incorrect verifier pruning in BPF in Linux Kernel >=5.4 leads to unsafe code paths being incorrectly
linux_kernel,5.10.140,CVE-2023-23454,,cbq_classify in net/sched/sch_cbq.c in the Linux kernel through 6.1.4 allows attackers to cause a de
linux_kernel,5.10.140,CVE-2023-23455,,atm_tc_enqueue in net/sched/sch_atm.c in the Linux kernel through 6.1.4 allows attackers to cause a 
linux_kernel,5.10.140,CVE-2023-23559,,"In rndis_query_oid in drivers/net/wireless/rndis_wlan.c in the Linux kernel through 6.1.5, there is "
linux_kernel,5.10.140,CVE-2022-49751,,"In the Linux kernel, the following vulnerability has been resolved:  w1: fix WARNING after calling w"
linux_kernel,5.10.140,CVE-2022-49753,,"In the Linux kernel, the following vulnerability has been resolved:  dmaengine: Fix double increment"
linux_kernel,5.10.140,CVE-2022-49755,,"In the Linux kernel, the following vulnerability has been resolved:  usb: gadget: f_fs: Prevent race"
linux_kernel,5.10.140,CVE-2022-49757,,"In the Linux kernel, the following vulnerability has been resolved:  EDAC/highbank: Fix memory leak "
linux_kernel,5.10.140,CVE-2023-52993,,"In the Linux kernel, the following vulnerability has been resolved:  x86/i8259: Mark legacy PIC inte"
linux_kernel,5.10.140,CVE-2023-53003,,"In the Linux kernel, the following vulnerability has been resolved:  EDAC/qcom: Do not pass llcc_dri"
linux_kernel,5.10.140,CVE-2023-53005,,"In the Linux kernel, the following vulnerability has been resolved:  trace_events_hist: add check fo"
linux_kernel,5.10.140,CVE-2023-53015,,"In the Linux kernel, the following vulnerability has been resolved:  HID: betop: check shape of outp"
linux_kernel,5.10.140,CVE-2023-53021,,"In the Linux kernel, the following vulnerability has been resolved:  net/sched: sch_taprio: fix poss"
linux_kernel,5.10.140,CVE-2023-53023,,"In the Linux kernel, the following vulnerability has been resolved:  net: nfc: Fix use-after-free in"
linux_kernel,5.10.140,CVE-2023-53026,,"In the Linux kernel, the following vulnerability has been resolved:  RDMA/core: Fix ib block iterato"
linux_kernel,5.10.140,CVE-2023-23586,,"Due to a vulnerability in the io_uring subsystem, it is possible to leak kernel memory information t"
linux_kernel,5.10.140,CVE-2023-26242,,afu_mmio_region_get_by_offset in drivers/fpga/dfl-afu-region.c in the Linux kernel through 6.1.12 ha
linux_kernel,5.10.140,CVE-2023-45862,,An issue was discovered in drivers/usb/storage/ene_ub6250.c for the ENE UB6250 reader driver in the 
linux_kernel,5.10.140,CVE-2023-45863,,"An issue was discovered in lib/kobject.c in the Linux kernel before 6.2.3. With root access, an atta"
linux_kernel,5.10.140,CVE-2023-45871,,An issue was discovered in drivers/net/ethernet/intel/igb/igb_main.c in the IGB driver in the Linux 
linux_kernel,5.10.140,CVE-2023-45898,,"The Linux kernel before 6.5.4 has an es1 use-after-free in fs/ext4/extents_status.c, related to ext4"
linux_kernel,5.10.140,CVE-2023-4385,,A NULL pointer dereference flaw was found in dbFree in fs/jfs/jfs_dmap.c in the journaling file syst
linux_kernel,5.10.140,CVE-2023-44466,,An issue was discovered in net/ceph/messenger_v2.c in the Linux kernel before 6.4.5. There is an int
linux_kernel,5.10.140,CVE-2023-51043,,"In the Linux kernel before 6.4.5, drivers/gpu/drm/drm_atomic.c has a use-after-free during a race co"
linux_kernel,5.10.140,CVE-2024-0641,,A denial of service vulnerability was found in tipc_crypto_key_revoke in net/tipc/crypto.c in the Li
linux_kernel,5.10.140,CVE-2023-39189,,A flaw was found in the Netfilter subsystem in the Linux kernel. The nfnl_osf_add_callback function 
linux_kernel,5.10.140,CVE-2023-39192,,A flaw was found in the Netfilter subsystem in the Linux kernel. The xt_u32 module did not validate 
linux_kernel,5.10.140,CVE-2023-39193,,A flaw was found in the Netfilter subsystem in the Linux kernel. The sctp_mt_check did not validate 
linux_kernel,5.10.140,CVE-2023-42753,,An array indexing vulnerability was found in the netfilter subsystem of the Linux kernel. A missing 
linux_kernel,5.10.140,CVE-2023-42754,,A NULL pointer dereference flaw was found in the Linux kernel ipv4 stack. The socket buffer (skb) wa
linux_kernel,5.10.140,CVE-2023-42756,,A flaw was found in the Netfilter subsystem of the Linux kernel. A race condition between IPSET_CMD_
linux_kernel,5.10.140,CVE-2023-5178,,A use-after-free vulnerability was found in drivers/nvme/target/tcp.c` in `nvmet_tcp_free_crypto` du
linux_kernel,5.10.140,CVE-2023-5633,,The reference count changes made as part of the CVE-2023-33951 and CVE-2023-33952 fixes exposed a us
linux_kernel,5.10.140,CVE-2023-3776,,A use-after-free vulnerability in the Linux kernel's net/sched: cls_fw component can be exploited to
linux_kernel,5.10.140,CVE-2023-3812,,An out-of-bounds memory access flaw was found in the Linux kernel’s TUN/TAP device driver functional
linux_kernel,5.10.140,CVE-2022-42896,,There are use-after-free vulnerabilities in the Linux kernel's net/bluetooth/l2cap_core.c's l2cap_co
linux_kernel,5.10.140,CVE-2023-38409,,An issue was discovered in set_con2fb_map in drivers/video/fbdev/core/fbcon.c in the Linux kernel be
linux_kernel,5.10.140,CVE-2023-4622,,A use-after-free vulnerability in the Linux kernel's af_unix component can be exploited to achieve l
linux_kernel,5.10.140,CVE-2023-46813,,"An issue was discovered in the Linux kernel before 6.5.9, exploitable by local users with userspace "
linux_kernel,5.10.140,CVE-2023-46343,,"In the Linux kernel before 6.5.9, there is a NULL pointer dereference in send_acknowledge in net/nfc"
linux_kernel,5.10.140,CVE-2023-46862,,"An issue was discovered in the Linux kernel through 6.5.9. During a race with SQ thread exit, an io_"
linux_kernel,5.10.140,CVE-2023-3609,,A use-after-free vulnerability in the Linux kernel's net/sched: cls_u32 component can be exploited t
linux_kernel,5.10.140,CVE-2023-3611,,An out-of-bounds write vulnerability in the Linux kernel's net/sched: sch_qfq component can be explo
linux_kernel,5.10.140,CVE-2023-37453,,An issue was discovered in the USB subsystem in the Linux kernel through 6.4.2. There is an out-of-b
linux_kernel,5.10.140,CVE-2023-37454,,An issue was discovered in the Linux kernel through 6.4.2. A crafted UDF filesystem image causes a u
linux_kernel,5.10.140,CVE-2023-4132,,A use-after-free vulnerability was found in the siano smsusb module in the Linux kernel. The bug occ
linux_kernel,5.10.140,CVE-2023-4194,,A flaw was found in the Linux kernel's TUN/TAP functionality. This issue could allow a local user to
linux_kernel,5.10.140,CVE-2023-42752,,An integer overflow flaw was found in the Linux kernel. This issue leads to the kernel allocating `s
linux_kernel,5.10.140,CVE-2023-4004,,A use-after-free flaw was found in the Linux kernel's netfilter in the way a user triggers the nft_p
linux_kernel,5.10.140,CVE-2023-4015,,A use-after-free vulnerability in the Linux kernel's netfilter: nf_tables component can be exploited
linux_kernel,5.10.140,CVE-2023-40283,,An issue was discovered in l2cap_sock_release in net/bluetooth/l2cap_sock.c in the Linux kernel befo
linux_kernel,5.10.140,CVE-2023-40791,,extract_user_to_sg in lib/scatterlist.c in the Linux kernel before 6.4.12 fails to unpin pages in a 
linux_kernel,5.10.140,CVE-2023-51042,,"In the Linux kernel before 6.4.12, amdgpu_cs_wait_all_fences in drivers/gpu/drm/amd/amdgpu/amdgpu_cs"
linux_kernel,5.10.140,CVE-2023-35001,,Linux Kernel nftables Out-Of-Bounds Read/Write Vulnerability; nft_byteorder poorly handled vm regist
linux_kernel,5.10.140,CVE-2023-52922,,"In the Linux kernel, the following vulnerability has been resolved:  can: bcm: Fix UAF in bcm_proc_s"
linux_kernel,5.10.140,CVE-2023-35788,,An issue was discovered in fl_set_geneve_opt in net/sched/cls_flower.c in the Linux kernel before 6.
linux_kernel,5.10.140,CVE-2023-35823,,An issue was discovered in the Linux kernel before 6.3.2. A use-after-free was found in saa7134_fini
linux_kernel,5.10.140,CVE-2023-35824,,An issue was discovered in the Linux kernel before 6.3.2. A use-after-free was found in dm1105_remov
linux_kernel,5.10.140,CVE-2023-35829,,An issue was discovered in the Linux kernel before 6.3.2. A use-after-free was found in rkvdec_remov
linux_kernel,5.10.140,CVE-2023-35827,,An issue was discovered in the Linux kernel through 6.3.8. A use-after-free was found in ravb_remove
linux_kernel,5.10.140,CVE-2022-24958,,drivers/usb/gadget/legacy/inode.c in the Linux kernel through 5.16.8 mishandles dev->buf release.
linux_kernel,5.10.140,CVE-2022-25258,,An issue was discovered in drivers/usb/gadget/composite.c in the Linux kernel before 5.16.10. The US
linux_kernel,5.10.140,CVE-2022-25375,,An issue was discovered in drivers/usb/gadget/function/rndis.c in the Linux kernel before 5.16.10. T
linux_kernel,5.10.140,CVE-2022-24448,,An issue was discovered in fs/nfs/dir.c in the Linux kernel before 5.16.5. If an application sets th
linux_kernel,5.10.140,CVE-2022-24959,,An issue was discovered in the Linux kernel before 5.16.5. There is a memory leak in yam_siocdevpriv
linux_kernel,5.10.140,CVE-2022-23222,,kernel/bpf/verifier.c in the Linux kernel through 5.15.14 allows local users to gain privileges beca
linux_kernel,5.10.140,CVE-2022-2196,,A regression exists in the Linux Kernel within KVM: nVMX that allowed for speculative execution atta
linux_kernel,5.10.140,CVE-2023-1077,,"In the Linux kernel, pick_next_rt_entity() may return a type confused entry, not detected by the BUG"
linux_kernel,5.10.140,CVE-2023-1118,,A flaw use after free in the Linux kernel integrated infrared receiver/transceiver driver was found 
linux_kernel,5.10.140,CVE-2023-1829,,A use-after-free vulnerability in the Linux Kernel traffic control index filter (tcindex) can be exp
linux_kernel,5.10.140,CVE-2023-1078,,A flaw was found in the Linux Kernel in RDS (Reliable Datagram Sockets) protocol. The rds_rm_zerocop
linux_kernel,5.10.140,CVE-2022-49738,,"In the Linux kernel, the following vulnerability has been resolved:  f2fs: fix to do sanity check on"
linux_kernel,5.10.140,CVE-2022-49740,,"In the Linux kernel, the following vulnerability has been resolved:  wifi: brcmfmac: Check the count"
linux_kernel,5.10.140,CVE-2022-49741,,"In the Linux kernel, the following vulnerability has been resolved:  fbdev: smscufx: fix error handl"
linux_kernel,5.10.140,CVE-2023-52930,,"In the Linux kernel, the following vulnerability has been resolved:  drm/i915: Fix potential bit_17 "
linux_kernel,5.10.140,CVE-2023-52932,,"In the Linux kernel, the following vulnerability has been resolved:  mm/swapfile: add cond_resched()"
linux_kernel,5.10.140,CVE-2023-52973,,"In the Linux kernel, the following vulnerability has been resolved:  vc_screen: move load of struct "
linux_kernel,5.10.140,CVE-2023-52974,,"In the Linux kernel, the following vulnerability has been resolved:  scsi: iscsi_tcp: Fix UAF during"
linux_kernel,5.10.140,CVE-2023-52976,,"In the Linux kernel, the following vulnerability has been resolved:  efi: fix potential NULL deref i"
linux_kernel,5.10.140,CVE-2023-52988,,"In the Linux kernel, the following vulnerability has been resolved:  ALSA: hda/via: Avoid potential "
linux_kernel,5.10.140,CVE-2023-52989,,"In the Linux kernel, the following vulnerability has been resolved:  firewire: fix memory leak for p"
linux_kernel,5.10.140,CVE-2023-1079,,A flaw was found in the Linux kernel. A use-after-free may be triggered in asus_kbd_backlight_set wh
linux_kernel,5.10.140,CVE-2023-1193,,A use-after-free flaw was found in setup_async_work in the KSMBD implementation of the in-kernel sam
linux_kernel,5.10.140,CVE-2023-1855,,A use-after-free flaw was found in xgene_hwmon_remove in drivers/hwmon/xgene-hwmon.c in the Hardware
linux_kernel,5.10.140,CVE-2023-1990,,A use-after-free flaw was found in ndlc_remove in drivers/nfc/st-nci/ndlc.c in the Linux Kernel. Thi
linux_kernel,5.10.140,CVE-2023-1998,,The Linux kernel allows userspace processes to enable mitigations by calling prctl with PR_SET_SPECU
linux_kernel,5.10.140,CVE-2023-2194,,An out-of-bounds write vulnerability was found in the Linux kernel's SLIMpro I2C device driver. The 
linux_kernel,5.10.140,CVE-2023-2985,,A use after free flaw was found in hfsplus_put_super in fs/hfsplus/super.c in the Linux Kernel. This
linux_kernel,5.10.140,CVE-2023-3220,,An issue was discovered in the Linux kernel through 6.1-rc8. dpu_crtc_atomic_check in drivers/gpu/dr
linux_kernel,5.10.140,CVE-2023-39191,,An improper input validation flaw was found in the eBPF subsystem in the Linux kernel. The issue occ
linux_kernel,5.10.140,CVE-2023-4133,,A use-after-free vulnerability was found in the cxgb4 driver in the Linux kernel. The bug occurs whe
linux_kernel,5.10.140,CVE-2023-42755,,A flaw was found in the IPv4 Resource Reservation Protocol (RSVP) classifier in the Linux kernel. Th
linux_kernel,5.10.140,CVE-2023-7192,,A memory leak problem was found in ctnetlink_create_conntrack in net/netfilter/nf_conntrack_netlink.
linux_kernel,5.10.140,CVE-2023-52340,,The IPv6 implementation in the Linux kernel before 6.3 has a net/ipv6/route.c max_size threshold tha
linux_kernel,5.10.140,CVE-2024-0562,,"A use-after-free flaw was found in the Linux Kernel. When a disk is removed, bdi_unregister is calle"
linux_kernel,5.10.140,CVE-2023-1095,,"In nf_tables_updtable, if nf_tables_table_enable returns an error, nft_trans_destroy is called to fr"
linux_kernel,5.10.140,CVE-2023-2007,,The specific flaw exists within the DPT I2O Controller driver. The issue results from the lack of pr
linux_kernel,5.10.140,CVE-2023-2019,,"A flaw was found in the Linux kernel's netdevsim device driver, within the scheduling of events. Thi"
linux_kernel,5.10.140,CVE-2023-28327,,A NULL pointer dereference flaw was found in the UNIX protocol in net/unix/diag.c In unix_diag_get_e
linux_kernel,5.10.140,CVE-2023-4394,,A use-after-free flaw was found in btrfs_get_dev_args_from_path in fs/btrfs/volumes.c in btrfs file-
linux_kernel,5.10.140,CVE-2022-2905,,An out-of-bounds memory read flaw was found in the Linux kernel's BPF subsystem in how a user calls 
linux_kernel,5.10.140,CVE-2022-2961,,A use-after-free flaw was found in the Linux kernel’s PLP Rose functionality in the way a user trigg
linux_kernel,5.10.140,CVE-2022-3303,,A race condition flaw was found in the Linux kernel sound subsystem due to improper locking. It coul
linux_kernel,5.10.140,CVE-2022-3544,,"A vulnerability, which was classified as problematic, was found in Linux Kernel. Affected is the fun"
linux_kernel,5.10.140,CVE-2022-3586,,A flaw was found in the Linux kernel’s networking code. A use-after-free was found in the way the sc
linux_kernel,5.10.140,CVE-2022-42328,,Guests can trigger deadlock in Linux netback driver T[his CNA information record relates to multiple
linux_kernel,5.10.140,CVE-2022-42329,,Guests can trigger deadlock in Linux netback driver T[his CNA information record relates to multiple
linux_kernel,5.10.140,CVE-2022-4662,,A flaw incorrect access control in the Linux kernel USB core subsystem was found in the way user att
linux_kernel,5.10.140,CVE-2023-1206,,A hash collision flaw was found in the IPv6 connection lookup table in the Linux kernel’s IPv6 funct
linux_kernel,5.10.140,CVE-2023-3338,,A null pointer dereference flaw was found in the Linux kernel's DECnet networking protocol. This iss
linux_kernel,5.10.140,CVE-2023-3863,,A use-after-free flaw was found in nfc_llcp_find_local in net/nfc/llcp_core.c in NFC in the Linux ke
linux_kernel,5.10.140,CVE-2023-39194,,A flaw was found in the XFRM subsystem in the Linux kernel. The specific flaw exists within the proc
linux_kernel,5.10.140,CVE-2023-39198,,A race condition was found in the QXL driver in the Linux kernel. The qxl_mode_dumb_create() functio
linux_kernel,5.10.140,CVE-2023-4147,,A use-after-free flaw was found in the Linux kernel’s Netfilter functionality when adding a rule wit
linux_kernel,5.10.140,CVE-2023-4206,,A use-after-free vulnerability in the Linux kernel's net/sched: cls_route component can be exploited
linux_kernel,5.10.140,CVE-2023-4207,,A use-after-free vulnerability in the Linux kernel's net/sched: cls_fw component can be exploited to
linux_kernel,5.10.140,CVE-2023-4208,,A use-after-free vulnerability in the Linux kernel's net/sched: cls_u32 component can be exploited t
linux_kernel,5.10.140,CVE-2023-4244,,A use-after-free vulnerability in the Linux kernel's netfilter: nf_tables component can be exploited
linux_kernel,5.10.140,CVE-2023-4569,,A memory leak flaw was found in nft_set_catchall_flush in net/netfilter/nf_tables_api.c in the Linux
linux_kernel,5.10.140,CVE-2023-4611,,A use-after-free flaw was found in mm/mempolicy.c in the memory management subsystem in the Linux Ke
linux_kernel,5.10.140,CVE-2023-6039,,A use-after-free flaw was found in lan78xx_disconnect in drivers/net/usb/lan78xx.c in the network su
linux_kernel,5.10.140,CVE-2023-6546,,A race condition was found in the GSM 0710 tty multiplexor in the Linux kernel. This issue occurs wh
linux_kernel,5.10.140,CVE-2023-1249,,A use-after-free flaw was found in the Linux kernel’s core dump subsystem. This flaw allows a local 
linux_kernel,5.10.140,CVE-2023-3159,,A use after free issue was discovered in driver/firewire in outbound_phy_packet_callback in the Linu
linux_kernel,5.10.140,CVE-2023-3439,,A flaw was found in the MCTP protocol in the Linux kernel. The function mctp_unregister() reclaims t
linux_kernel,5.10.140,CVE-2023-4459,,A NULL pointer dereference flaw was found in vmxnet3_rq_cleanup in drivers/net/vmxnet3/vmxnet3_drv.c
linux_kernel,5.10.140,CVE-2022-0168,,A denial of service (DOS) issue was found in the Linux kernel’s smb2_ioctl_query_info function in th
linux_kernel,5.10.140,CVE-2022-0171,,A flaw was found in the Linux kernel. The existing KVM SEV API has a vulnerability that allows a non
linux_kernel,5.10.140,CVE-2022-1012,,A memory leak problem was found in the TCP source port generation algorithm in net/ipv4/tcp.c due to
linux_kernel,5.10.140,CVE-2022-1263,,A NULL pointer dereference issue was found in KVM when releasing a vCPU with dirty ring support enab
linux_kernel,5.10.140,CVE-2022-1734,,A flaw in Linux Kernel found in nfcmrvl_nci_unregister_dev() in drivers/nfc/nfcmrvl/main.c can lead 
linux_kernel,5.10.140,CVE-2022-2153,,A flaw was found in the Linux kernel’s KVM when attempting to set a SynIC IRQ. This issue makes it p
linux_kernel,5.10.140,CVE-2022-2380,,The Linux kernel was found vulnerable out of bounds memory access in the drivers/video/fbdev/sm712fb
linux_kernel,5.10.140,CVE-2022-3078,,An issue was discovered in the Linux kernel through 5.16-rc6. There is a lack of check after calling
linux_kernel,5.10.140,CVE-2023-1281,,Use After Free vulnerability in Linux kernel traffic control index filter (tcindex) allows Privilege
linux_kernel,5.10.140,CVE-2023-1295,,A time-of-check to time-of-use issue exists in io_uring subsystem's IORING_OP_CLOSE operation in the
linux_kernel,5.10.140,CVE-2023-1380,,A slab-out-of-bound read problem was found in brcmf_get_assoc_ies in drivers/net/wireless/broadcom/b
linux_kernel,5.10.140,CVE-2023-1476,,A use-after-free flaw was found in the Linux kernel’s mm/mremap memory address space accounting sour
linux_kernel,5.10.140,CVE-2021-3655,,A vulnerability was found in the Linux kernel in versions prior to v5.14-rc1. Missing size validatio
linux_kernel,5.10.140,CVE-2021-3679,,A lack of CPU resource in the Linux kernel tracing module functionality in versions prior to 5.14-rc
linux_kernel,5.10.140,CVE-2021-3732,,A flaw was found in the Linux kernel's OverlayFS subsystem in the way the user mounts the TmpFS file
linux_kernel,5.10.140,CVE-2021-3773,,A flaw in netfilter could allow a network-connected attacker to infer openvpn connection endpoint in
linux_kernel,5.10.140,CVE-2024-0340,,"A vulnerability was found in vhost_new_msg in drivers/vhost/vhost.c in the Linux kernel, which does "
linux_kernel,5.10.140,CVE-2023-0160,,A deadlock flaw was found in the Linux kernel’s BPF subsystem. This flaw allows a local user to pote
linux_kernel,5.10.140,CVE-2023-1192,,A use-after-free flaw was found in smb2_is_status_io_timeout() in CIFS in the Linux Kernel. After CI
linux_kernel,5.10.140,CVE-2023-2002,,A vulnerability was found in the HCI sockets implementation due to a missing capability check in net
linux_kernel,5.10.140,CVE-2023-3212,,A NULL pointer dereference issue was found in the gfs2 file system in the Linux kernel. It occurs on
linux_kernel,5.10.140,CVE-2023-3268,,An out of bounds (OOB) memory access flaw was found in the Linux kernel in relay_file_read_start_pos
linux_kernel,5.10.140,CVE-2023-4273,,A flaw was found in the exFAT driver of the Linux kernel. The vulnerability exists in the implementa
linux_kernel,5.10.140,CVE-2024-0775,,A use-after-free flaw was found in the __ext4_remount in fs/ext4/super.c in ext4 in the Linux kernel
linux_kernel,5.10.140,CVE-2023-0045,,The current implementation of the prctl syscall does not issue an IBPB immediately during the syscal
linux_kernel,5.10.140,CVE-2023-2124,,An out-of-bounds memory access flaw was found in the Linux kernel’s XFS file system in how a user re
linux_kernel,5.10.140,CVE-2023-1611,,A use-after-free flaw was found in btrfs_search_slot in fs/btrfs/ctree.c in btrfs in the Linux Kerne
linux_kernel,5.10.140,CVE-2023-1670,,A flaw use after free in the Linux kernel Xircom 16-bit PCMCIA (PC-card) Ethernet driver was found.A
linux_kernel,5.10.140,CVE-2023-1989,,A use-after-free flaw was found in btsdio_remove in drivers\bluetooth\btsdio.c in the Linux Kernel. 
linux_kernel,5.10.140,CVE-2023-28466,,"do_tls_getsockopt in net/tls/tls_main.c in the Linux kernel through 6.2.6 lacks a lock_sock call, le"
linux_kernel,5.10.140,CVE-2023-1838,,A use-after-free flaw was found in vhost_net_set_backend in drivers/vhost/net.c in virtio network su
linux_kernel,5.10.140,CVE-2023-1859,,A use-after-free flaw was found in xen_9pfs_front_removet in net/9p/trans_xen.c in Xen transport for
linux_kernel,5.10.140,CVE-2023-1872,,A use-after-free vulnerability in the Linux Kernel io_uring system can be exploited to achieve local
linux_kernel,5.10.140,CVE-2023-22995,,"In the Linux kernel before 5.17, an error path in dwc3_qcom_acpi_register_core in drivers/usb/dwc3/d"
linux_kernel,5.10.140,CVE-2023-23000,,"In the Linux kernel before 5.17, drivers/phy/tegra/xusb.c mishandles the tegra_xusb_find_port_node r"
linux_kernel,5.10.140,CVE-2022-0330,,A random memory access flaw was found in the Linux kernel's GPU i915 kernel driver functionality in 
linux_kernel,5.10.140,CVE-2022-0494,,A kernel information leak flaw was identified in the scsi_ioctl function in drivers/scsi/scsi_ioctl.
linux_kernel,5.10.140,CVE-2022-0516,,A vulnerability was found in kvm_s390_guest_sida_op in the arch/s390/kvm/kvm-s390.c function in KVM 
linux_kernel,5.10.140,CVE-2022-1011,,A use-after-free flaw was found in the Linux kernel’s FUSE filesystem in the way a user triggers wri
linux_kernel,5.10.140,CVE-2022-1198,,A use-after-free vulnerabilitity was discovered in drivers/net/hamradio/6pack.c of linux that allows
linux_kernel,5.10.140,CVE-2022-1204,,A use-after-free flaw was found in the Linux kernel’s Amateur Radio AX.25 protocol functionality in 
linux_kernel,5.10.140,CVE-2022-1353,,A vulnerability was found in the pfkey_register function in net/key/af_key.c in the Linux kernel. Th
linux_kernel,5.10.140,CVE-2022-27666,,A heap buffer overflow flaw was found in IPsec ESP transformation code in net/ipv4/esp4.c and net/ip
linux_kernel,5.10.140,CVE-2023-2006,,"A race condition was found in the Linux kernel's RxRPC network protocol, within the processing of Rx"
linux_kernel,5.10.140,CVE-2023-2008,,A flaw was found in the Linux kernel's udmabuf device driver. The specific flaw exists within a faul
linux_kernel,5.10.140,CVE-2023-2177,,A null pointer dereference issue was found in the sctp network protocol in net/sctp/stream_sched.c i
linux_kernel,5.10.140,CVE-2023-23004,,"In the Linux kernel before 5.19, drivers/gpu/drm/arm/malidp_planes.c misinterprets the get_sg_table "
linux_kernel,5.10.140,CVE-2022-1852,,"A NULL pointer dereference flaw was found in the Linux kernel’s KVM module, which can lead to a deni"
linux_kernel,5.10.140,CVE-2022-2078,,A vulnerability was found in the Linux kernel's nft_set_desc_concat_parse() function .This flaw allo
linux_kernel,5.10.140,CVE-2022-2318,,There are use-after-free vulnerabilities caused by timer handler in net/rose/rose_timer.c of linux t
linux_kernel,5.10.140,CVE-2022-2503,,Dm-verity is used for extending root-of-trust to root filesystems. LoadPin builds on this property t
linux_kernel,5.10.140,CVE-2022-2873,,An out-of-bounds memory access flaw was found in the Linux kernel Intel’s iSMT SMBus host controller
linux_kernel,5.10.140,CVE-2022-3077,,A buffer overflow vulnerability was found in the Linux kernel Intel’s iSMT SMBus host controller dri
linux_kernel,5.10.140,CVE-2022-3521,,A vulnerability has been found in Linux Kernel and classified as problematic. This vulnerability aff
linux_kernel,5.10.140,CVE-2022-39188,,An issue was discovered in include/asm-generic/tlb.h in the Linux kernel before 5.19. Because of a r
linux_kernel,5.10.140,CVE-2022-39842,,An issue was discovered in the Linux kernel before 5.19. In pxa3xx_gcu_write in drivers/video/fbdev/
linux_kernel,5.10.140,CVE-2022-4127,,A NULL pointer dereference issue was discovered in the Linux kernel in io_files_update_with_index_al
linux_kernel,5.10.140,CVE-2021-33655,,"When sending malicous data to kernel by ioctl cmd FBIOPUT_VSCREENINFO,kernel will write memory out o"
linux_kernel,5.10.140,CVE-2023-30456,,An issue was discovered in arch/x86/kvm/vmx/nested.c in the Linux kernel before 6.2.8. nVMX on x86_6
linux_kernel,5.10.140,CVE-2023-34256,,An issue was discovered in the Linux kernel before 6.3.3. There is an out-of-bounds read in crc16 in
linux_kernel,5.10.140,CVE-2023-30772,,The Linux kernel before 6.2.9 has a race condition and resultant use-after-free in drivers/power/sup
linux_kernel,5.10.140,CVE-2023-33203,,The Linux kernel before 6.2.9 has a race condition and resultant use-after-free in drivers/net/ether
linux_kernel,5.10.140,CVE-2023-33288,,An issue was discovered in the Linux kernel before 6.2.9. A use-after-free was found in bq24190_remo
linux_kernel,5.10.140,CVE-2023-3090,,A heap out-of-bounds write vulnerability in the Linux Kernel ipvlan network driver can be exploited 
linux_kernel,5.10.140,CVE-2023-3111,,A use after free vulnerability was found in prepare_to_relocate in fs/btrfs/relocation.c in btrfs in
linux_kernel,5.10.140,CVE-2023-31248,,Linux Kernel nftables Use-After-Free Local Privilege Escalation Vulnerability; `nft_chain_lookup_byi
linux_kernel,5.10.140,CVE-2023-3610,,A use-after-free vulnerability in the Linux kernel's netfilter: nf_tables component can be exploited
linux_kernel,5.10.140,CVE-2023-3777,,A use-after-free vulnerability in the Linux kernel's netfilter: nf_tables component can be exploited
linux_kernel,5.10.140,CVE-2023-3141,,A use-after-free flaw was found in r592_remove in drivers/memstick/host/r592.c in media access in th
linux_kernel,5.10.140,CVE-2023-31436,,qfq_change_class in net/sched/sch_qfq.c in the Linux kernel before 6.2.13 allows an out-of-bounds wr
linux_kernel,5.10.140,CVE-2023-2860,,An out-of-bounds read vulnerability was found in the SR-IPv6 implementation in the Linux kernel. The
linux_kernel,5.10.140,CVE-2023-28866,,"In the Linux kernel through 6.2.8, net/bluetooth/hci_sync.c allows out-of-bounds access because amp_"
linux_kernel,5.10.140,CVE-2023-32233,,"In the Linux kernel through 6.3.1, a use-after-free in Netfilter nf_tables when processing batch req"
linux_kernel,5.10.140,CVE-2023-35828,,An issue was discovered in the Linux kernel before 6.3.2. A use-after-free was found in renesas_usb3
linux_kernel,5.10.140,CVE-2023-32269,,"An issue was discovered in the Linux kernel before 6.1.11. In net/netrom/af_netrom.c, there is a use"
linux_kernel,5.10.140,CVE-2022-49742,,"In the Linux kernel, the following vulnerability has been resolved:  f2fs: initialize locks earlier "
linux_kernel,5.10.140,CVE-2023-3357,,A NULL pointer dereference flaw was found in the Linux kernel AMD Sensor Fusion Hub driver. This fla
linux_kernel,5.10.140,CVE-2022-2602,,"io_uring UAF, Unix SCM garbage collection"
linux_kernel,5.10.140,CVE-2023-3390,,A use-after-free vulnerability was found in the Linux kernel's netfilter subsystem in net/netfilter/
linux_kernel,5.10.140,CVE-2023-33951,,A race condition vulnerability was found in the vmwgfx driver in the Linux kernel. The flaw exists w
linux_kernel,5.10.140,CVE-2023-33952,,A double-free vulnerability was found in handling vmw_buffer_object objects in the vmwgfx driver in 
linux_kernel,5.10.140,CVE-2023-5090,,A flaw was found in KVM. An improper check in svm_set_x2apic_msr_interception() may allow direct acc
linux_kernel,5.10.140,CVE-2023-5158,,A flaw was found in vringh_kiov_advance in drivers/vhost/vringh.c in the host side of a virtio ring 
linux_kernel,5.10.140,CVE-2023-51780,,An issue was discovered in the Linux kernel before 6.6.8. do_vcc_ioctl in net/atm/ioctl.c has a use-
linux_kernel,5.10.140,CVE-2023-51781,,An issue was discovered in the Linux kernel before 6.6.8. atalk_ioctl in net/appletalk/ddp.c has a u
linux_kernel,5.10.140,CVE-2023-51782,,An issue was discovered in the Linux kernel before 6.6.8. rose_ioctl in net/rose/af_rose.c has a use
linux_kernel,5.10.140,CVE-2023-5197,,A use-after-free vulnerability in the Linux kernel's netfilter: nf_tables component can be exploited
linux_kernel,5.10.140,CVE-2023-5717,,A heap out-of-bounds write vulnerability in the Linux kernel's Linux Kernel Performance Events (perf
linux_kernel,5.10.140,CVE-2023-47233,,The brcm80211 component in the Linux kernel through 6.5.10 has a brcmf_cfg80211_detach use-after-fre
linux_kernel,5.10.140,CVE-2023-4732,,A flaw was found in pfn_swap_entry_to_page in memory management subsystem in the Linux Kernel. In th
linux_kernel,5.10.140,CVE-2022-0487,,A use-after-free vulnerability was found in rtsx_usb_ms_drv_remove in drivers/memstick/host/rtsx_usb
linux_kernel,5.10.140,CVE-2023-4921,,A use-after-free vulnerability in the Linux kernel's net/sched: sch_qfq component can be exploited t
linux_kernel,5.10.140,CVE-2023-50431,,sec_attest_info in drivers/accel/habanalabs/common/habanalabs_ioctl.c in the Linux kernel through 6.
linux_kernel,5.10.140,CVE-2022-0433,,A NULL pointer dereference flaw was found in the Linux kernel's BPF subsystem in the way a user trig
linux_kernel,5.10.140,CVE-2022-0854,,"A memory leak flaw was found in the Linux kernel’s DMA subsystem, in the way a user calls DMA_FROM_D"
linux_kernel,5.10.140,CVE-2021-4095,,A NULL pointer dereference was found in the Linux kernel's KVM when dirty ring logging is enabled wi
linux_kernel,5.10.140,CVE-2022-0500,,"A flaw was found in unrestricted eBPF usage by the BPF_BTF_LOAD, leading to a possible out-of-bounds"
linux_kernel,5.10.140,CVE-2022-0617,,A flaw null pointer dereference in the Linux kernel UDF file system functionality was found in the w
linux_kernel,5.10.140,CVE-2022-1015,,A flaw was found in the Linux kernel in linux/net/netfilter/nf_tables_api.c of the netfilter subsyst
linux_kernel,5.10.140,CVE-2022-1016,,"A flaw was found in the Linux kernel in net/netfilter/nf_tables_core.c:nft_do_chain, which can cause"
linux_kernel,5.10.140,CVE-2022-1055,,A use-after-free exists in the Linux Kernel in tc_new_tfilter that could allow a local attacker to g
linux_kernel,5.10.140,CVE-2022-1199,,A flaw was found in the Linux kernel. This flaw allows an attacker to crash the Linux kernel by simu
linux_kernel,5.10.140,CVE-2022-1205,,A NULL pointer dereference flaw was found in the Linux kernel’s Amateur Radio AX.25 protocol functio
linux_kernel,5.10.140,CVE-2020-35501,,"A flaw was found in the Linux kernels implementation of audit rules, where a syscall can unexpectedl"
linux_kernel,5.10.140,CVE-2022-1786,,A use-after-free flaw was found in the Linux kernel’s io_uring subsystem in the way a user sets up a
linux_kernel,5.10.140,CVE-2022-4696,,There exists a use-after-free vulnerability in the Linux kernel through io_uring and the IORING_OP_S
linux_kernel,5.10.140,CVE-2023-6560,,An out-of-bounds memory access flaw was found in the io_uring SQ/CQ rings functionality in the Linux
linux_kernel,5.10.140,CVE-2023-6622,,A null pointer dereference vulnerability was found in nft_dynset_init() in net/netfilter/nft_dynset.
linux_kernel,5.10.140,CVE-2023-6817,,A use-after-free vulnerability in the Linux kernel's netfilter: nf_tables component can be exploited
linux_kernel,5.10.140,CVE-2023-6931,,A heap out-of-bounds write vulnerability in the Linux kernel's Performance Events system component c
linux_kernel,5.10.140,CVE-2023-6932,,A use-after-free vulnerability in the Linux kernel's ipv4: igmp component can be exploited to achiev
linux_kernel,5.10.140,CVE-2022-0322,,A flaw was found in the sctp_make_strreset_req function in net/sctp/sm_make_chunk.c in the SCTP netw
linux_kernel,5.10.140,CVE-2022-1508,,An out-of-bounds read flaw was found in the Linux kernel’s io_uring module in the way a user trigger
linux_kernel,5.10.140,CVE-2022-2991,,A heap-based buffer overflow was found in the Linux kernel's LightNVM subsystem. The issue results f
linux_kernel,5.10.140,CVE-2021-20320,,A flaw was found in s390 eBPF JIT in bpf_jit_insn in arch/s390/net/bpf_jit_comp.c in the Linux kerne
linux_kernel,5.10.140,CVE-2021-20321,,A race condition accessing file object in the Linux kernel OverlayFS subsystem was found in the way 
linux_kernel,5.10.140,CVE-2021-3744,,A memory leak flaw was found in the Linux kernel in the ccp_run_aes_gcm_cmd() function in drivers/cr
linux_kernel,5.10.140,CVE-2021-3753,,"A race problem was seen in the vt_k_ioctl in drivers/tty/vt/vt_ioctl.c in the Linux kernel, which ma"
linux_kernel,5.10.140,CVE-2021-4149,,A vulnerability was found in btrfs_alloc_tree_b in fs/btrfs/extent-tree.c in the Linux kernel due to
linux_kernel,5.10.140,CVE-2022-0480,,A flaw was found in the filelock_init in fs/locks.c function in the Linux kernel. This issue can lea
linux_kernel,5.10.140,CVE-2021-4150,,A use-after-free flaw was found in the add_partition in block/partitions/core.c in the Linux kernel.
linux_kernel,5.10.140,CVE-2021-4203,,A use-after-free read flaw was found in sock_getsockopt() in net/core/sock.c due to SO_PEERCRED and 
linux_kernel,5.10.140,CVE-2022-0382,,An information leak flaw was found due to uninitialized memory in the Linux kernel's TIPC protocol s
linux_kernel,5.10.140,CVE-2022-25265,,"In the Linux kernel through 5.16.10, certain binary files may have the exec-all attribute if they we"
linux_kernel,5.10.140,CVE-2022-2978,,A flaw use after free in the Linux kernel NILFS file system was found in the way user triggers funct
linux_kernel,5.10.140,CVE-2022-3649,,A vulnerability was found in Linux Kernel. It has been classified as problematic. Affected is the fu
linux_kernel,5.10.140,CVE-2022-41674,,An issue was discovered in the Linux kernel before 5.19.16. Attackers able to inject WLAN frames cou
linux_kernel,5.10.140,CVE-2022-42720,,Various refcounting bugs in the multi-BSS handling in the mac80211 stack in the Linux kernel 5.1 thr
linux_kernel,5.10.140,CVE-2022-43750,,drivers/usb/mon/mon_bin.c in usbmon in the Linux kernel before 5.19.15 and 6.x before 6.0.1 allows a
linux_kernel,5.10.140,CVE-2022-49733,,"In the Linux kernel, the following vulnerability has been resolved:  ALSA: pcm: oss: Fix race at SND"
linux_kernel,5.10.140,CVE-2022-29968,,An issue was discovered in the Linux kernel through 5.17.5. io_rw_init_file in fs/io_uring.c lacks i
linux_kernel,5.10.140,CVE-2022-26490,,st21nfca_connectivity_event_received in drivers/nfc/st21nfca/se.c in the Linux kernel through 5.16.1
linux_kernel,5.10.140,CVE-2022-26966,,An issue was discovered in the Linux kernel before 5.16.12. drivers/net/usb/sr9700.c allows attacker
linux_kernel,5.10.140,CVE-2022-27223,,"In drivers/usb/gadget/udc/udc-xilinx.c in the Linux kernel before 5.16.12, the endpoint index is not"
linux_kernel,5.10.140,CVE-2022-2585,,"It was discovered that when exec'ing from a non-leader thread, armed POSIX CPU timers would be left "
linux_kernel,5.10.140,CVE-2022-2586,,It was discovered that a nft object or expression could reference a nft set on a different nft table
linux_kernel,5.10.140,CVE-2022-2588,,It was discovered that the cls_route filter implementation in the Linux kernel would not remove an o
linux_kernel,5.10.140,CVE-2022-27950,,"In drivers/hid/hid-elo.c in the Linux kernel before 5.16.11, a memory leak exists for a certain hid_"
linux_kernel,5.10.140,CVE-2022-28356,,"In the Linux kernel before 5.17.1, a refcount leak bug was found in net/llc/af_llc.c."
linux_kernel,5.10.140,CVE-2022-28388,,usb_8dev_start_xmit in drivers/net/can/usb/usb_8dev.c in the Linux kernel through 5.17.1 has a doubl
linux_kernel,5.10.140,CVE-2022-28389,,mcba_usb_start_xmit in drivers/net/can/usb/mcba_usb.c in the Linux kernel through 5.17.1 has a doubl
linux_kernel,5.10.140,CVE-2022-28390,,ems_usb_start_xmit in drivers/net/can/usb/ems_usb.c in the Linux kernel through 5.17.1 has a double 
linux_kernel,5.10.140,CVE-2022-3104,,An issue was discovered in the Linux kernel through 5.16-rc6. lkdtm_ARRAY_BOUNDS in drivers/misc/lkd
linux_kernel,5.10.140,CVE-2022-3105,,An issue was discovered in the Linux kernel through 5.16-rc6. uapi_finalize in drivers/infiniband/co
linux_kernel,5.10.140,CVE-2022-3106,,An issue was discovered in the Linux kernel through 5.16-rc6. ef100_update_stats in drivers/net/ethe
linux_kernel,5.10.140,CVE-2022-3107,,An issue was discovered in the Linux kernel through 5.16-rc6. netvsc_get_ethtool_stats in drivers/ne
linux_kernel,5.10.140,CVE-2022-3108,,An issue was discovered in the Linux kernel through 5.16-rc6. kfd_parse_subtype_iolink in drivers/gp
linux_kernel,5.10.140,CVE-2022-3110,,An issue was discovered in the Linux kernel through 5.16-rc6. _rtw_init_xmit_priv in drivers/staging
linux_kernel,5.10.140,CVE-2022-3111,,An issue was discovered in the Linux kernel through 5.16-rc6. free_charger_irq() in drivers/power/su
linux_kernel,5.10.140,CVE-2022-3112,,An issue was discovered in the Linux kernel through 5.16-rc6. amvdec_set_canvases in drivers/staging
linux_kernel,5.10.140,CVE-2022-3113,,An issue was discovered in the Linux kernel through 5.16-rc6. mtk_vcodec_fw_vpu_init in drivers/medi
linux_kernel,5.10.140,CVE-2022-3114,,An issue was discovered in the Linux kernel through 5.16-rc6. imx_register_uart_clocks in drivers/cl
linux_kernel,5.10.140,CVE-2022-3115,,An issue was discovered in the Linux kernel through 5.16-rc6. malidp_crtc_reset in drivers/gpu/drm/a
linux_kernel,5.10.140,CVE-2022-2785,,There exists an arbitrary memory read within the Linux Kernel BPF - Constants provided to fill point
linux_kernel,5.10.140,CVE-2022-38096,,A NULL pointer dereference vulnerability was found in vmwgfx driver in drivers/gpu/vmxgfx/vmxgfx_exe
linux_kernel,5.10.140,CVE-2022-38457,,A use-after-free(UAF) vulnerability was found in function 'vmw_cmd_res_check' in drivers/gpu/vmxgfx/
linux_kernel,5.10.140,CVE-2022-40133,,A use-after-free(UAF) vulnerability was found in function 'vmw_execbuf_tie_context' in drivers/gpu/v
linux_kernel,5.10.140,CVE-2022-3545,,A vulnerability has been found in Linux Kernel and classified as critical. Affected by this vulnerab
linux_kernel,5.10.140,CVE-2022-3564,,A vulnerability classified as critical was found in Linux Kernel. Affected by this vulnerability is 
linux_kernel,5.10.140,CVE-2022-3565,,"A vulnerability, which was classified as critical, has been found in Linux Kernel. Affected by this "
linux_kernel,5.10.140,CVE-2022-36123,,The Linux kernel before 5.18.13 lacks a certain clear operation for the block starting symbol (.bss)
linux_kernel,5.10.140,CVE-2022-49622,,"In the Linux kernel, the following vulnerability has been resolved:  netfilter: nf_tables: avoid skb"
linux_kernel,5.10.140,CVE-2022-3623,,A vulnerability was found in Linux Kernel. It has been declared as problematic. Affected by this vul
linux_kernel,5.10.140,CVE-2022-3643,,Guests can trigger NIC interface reset/abort/crash via netback It is possible for a guest to trigger
linux_kernel,5.10.140,CVE-2022-36280,,An out-of-bounds(OOB) memory access vulnerability was found in vmwgfx driver in drivers/gpu/vmxgfx/v
linux_kernel,5.10.140,CVE-2022-3640,,"A vulnerability, which was classified as critical, was found in Linux Kernel. Affected is the functi"
linux_kernel,5.10.140,CVE-2022-39189,,An issue was discovered the x86 KVM subsystem in the Linux kernel before 5.18.17. Unprivileged guest
linux_kernel,5.10.140,CVE-2022-39190,,An issue was discovered in net/netfilter/nf_tables_api.c in the Linux kernel before 5.19.6. A denial
linux_kernel,5.10.140,CVE-2022-3344,,A flaw was found in the KVM's AMD nested virtualization (SVM). A malicious L1 guest could purposely 
linux_kernel,5.10.140,CVE-2022-33743,,network backend may cause Linux netfront to use freed SKBs While adding logic to support XDP (eXpres
linux_kernel,5.10.140,CVE-2022-33744,,"Arm guests can cause Dom0 DoS via PV devices When mapping pages of guests on Arm, dom0 is using an r"
linux_kernel,5.10.140,CVE-2022-33981,,"drivers/block/floppy.c in the Linux kernel before 5.17.6 is vulnerable to a denial of service, becau"
linux_kernel,5.10.140,CVE-2022-36879,,An issue was discovered in the Linux kernel through 5.18.14. xfrm_expand_policies in net/xfrm/xfrm_p
linux_kernel,5.10.140,CVE-2022-34494,,rpmsg_virtio_add_ctrl_dev in drivers/rpmsg/virtio_rpmsg_bus.c in the Linux kernel before 5.18.4 has 
linux_kernel,5.10.140,CVE-2022-34495,,rpmsg_probe in drivers/rpmsg/virtio_rpmsg_bus.c in the Linux kernel before 5.18.4 has a double free.
linux_kernel,5.10.140,CVE-2022-49303,,"In the Linux kernel, the following vulnerability has been resolved:  drivers: staging: rtl8192eu: Fi"
linux_kernel,5.10.140,CVE-2022-49317,,"In the Linux kernel, the following vulnerability has been resolved:  f2fs: avoid infinite loop to fl"
linux_kernel,5.10.140,CVE-2022-40307,,An issue was discovered in the Linux kernel through 5.19.8. drivers/firmware/efi/capsule-loader.c ha
linux_kernel,5.10.140,CVE-2022-40476,,A null pointer dereference issue was discovered in fs/io_uring.c in the Linux kernel before 5.15.62.
linux_kernel,5.10.140,CVE-2022-29582,,"In the Linux kernel before 5.17.3, fs/io_uring.c has a use-after-free due to a race condition in io_"
linux_kernel,5.10.140,CVE-2022-49123,,"In the Linux kernel, the following vulnerability has been resolved:  ath11k: Fix frames flush failur"
linux_kernel,5.10.140,CVE-2022-49125,,"In the Linux kernel, the following vulnerability has been resolved:  drm/sprd: fix potential NULL de"
linux_kernel,5.10.140,CVE-2022-49134,,"In the Linux kernel, the following vulnerability has been resolved:  mlxsw: spectrum: Guard against "
linux_kernel,5.10.140,CVE-2022-32981,,An issue was discovered in the Linux kernel through 5.18.3 on powerpc 32-bit platforms. There is a b
linux_kernel,5.10.140,CVE-2022-3176,,There exists a use-after-free in io_uring in the Linux kernel. Signalfd_poll() and binder_poll() use
linux_kernel,5.10.140,CVE-2022-32296,,The Linux kernel before 5.17.9 allows TCP servers to identify clients by observing what source ports
linux_kernel,5.10.140,CVE-2022-47518,,An issue was discovered in the Linux kernel before 6.0.11. Missing validation of the number of chann
linux_kernel,5.10.140,CVE-2022-47519,,An issue was discovered in the Linux kernel before 6.0.11. Missing validation of IEEE80211_P2P_ATTR_
linux_kernel,5.10.140,CVE-2022-47520,,An issue was discovered in the Linux kernel before 6.0.11. Missing offset validation in drivers/net/
linux_kernel,5.10.140,CVE-2022-47521,,An issue was discovered in the Linux kernel before 6.0.11. Missing validation of IEEE80211_P2P_ATTR_
linux_kernel,5.10.140,CVE-2022-47929,,"In the Linux kernel before 6.1.6, a NULL pointer dereference bug in the traffic control subsystem al"
linux_kernel,5.10.140,CVE-2022-47946,,An issue was discovered in the Linux kernel 5.10.x before 5.10.155. A use-after-free in io_sqpoll_wa
linux_kernel,5.10.140,CVE-2022-40768,,drivers/scsi/stex.c in the Linux kernel through 5.19.9 allows local users to obtain sensitive inform
linux_kernel,5.10.140,CVE-2022-4095,,A use-after-free flaw was found in Linux kernel before 5.19.2. This issue occurs in cmd_hdl_filter i
linux_kernel,5.10.140,CVE-2022-41218,,"In drivers/media/dvb-core/dmxdev.c in the Linux kernel through 5.19.10, there is a use-after-free ca"
linux_kernel,5.10.140,CVE-2022-4139,,"An incorrect TLB flush issue was found in the Linux kernel’s GPU i915 kernel driver, potentially lea"
linux_kernel,5.10.140,CVE-2022-41848,,drivers/char/pcmcia/synclink_cs.c in the Linux kernel through 5.19.12 has a race condition and resul
linux_kernel,5.10.140,CVE-2022-41849,,drivers/video/fbdev/smscufx.c in the Linux kernel through 5.19.12 has a race condition and resultant
linux_kernel,5.10.140,CVE-2022-41850,,roccat_report_event in drivers/hid/hid-roccat.c in the Linux kernel through 5.19.12 has a race condi
linux_kernel,5.10.140,CVE-2022-42703,,mm/rmap.c in the Linux kernel before 5.19.7 has a use-after-free related to leaf anon_vma double reu
linux_kernel,5.10.140,CVE-2022-42719,,A use-after-free in the mac80211 stack when parsing a multi-BSSID element in the Linux kernel 5.2 th
linux_kernel,5.10.140,CVE-2022-42721,,A list management bug in BSS handling in the mac80211 stack in the Linux kernel 5.1 through 5.19.x b
linux_kernel,5.10.140,CVE-2022-42722,,"In the Linux kernel 5.8 through 5.19.x before 5.19.16, local attackers able to inject WLAN frames in"
linux_kernel,5.10.140,CVE-2022-4543,,"A flaw named ""EntryBleed"" was found in the Linux Kernel Page Table Isolation (KPTI). This issue coul"
linux_kernel,5.10.140,CVE-2021-3669,,A flaw was found in the Linux kernel. Measuring usage of the shared memory does not scale with large
linux_kernel,5.10.140,CVE-2020-25672,,A memory leak vulnerability was found in Linux kernel in llcp_sock_connect
linux_kernel,5.10.140,CVE-2010-4563,,"The Linux kernel, when using IPv6, allows remote attackers to determine whether a host is sniffing t"
linux_kernel,5.10.140,CVE-2007-4998,,"cp, when running with an option to preserve symlinks on multiple OSes, allows local, user-assisted a"
linux_kernel,5.10.140,CVE-1999-0656,,"The ugidd RPC interface, by design, allows remote attackers to enumerate valid usernames by specifyi"
linux_kernel,5.10.140,CVE-2022-45884,,An issue was discovered in the Linux kernel through 6.0.9. drivers/media/dvb-core/dvbdev.c has a use
linux_kernel,5.10.140,CVE-2022-45885,,An issue was discovered in the Linux kernel through 6.0.9. drivers/media/dvb-core/dvb_frontend.c has
linux_kernel,5.10.140,CVE-2022-45887,,An issue was discovered in the Linux kernel through 6.0.9. drivers/media/usb/ttusb-dec/ttusb_dec.c h
linux_kernel,5.10.140,CVE-2022-45888,,An issue was discovered in the Linux kernel through 6.0.9. drivers/char/xillybus/xillyusb.c has a ra
linux_kernel,5.10.140,CVE-2022-45886,,An issue was discovered in the Linux kernel through 6.0.9. drivers/media/dvb-core/dvb_net.c has a .d
linux_kernel,5.10.140,CVE-2022-45919,,An issue was discovered in the Linux kernel through 6.0.10. In drivers/media/dvb-core/dvb_ca_en50221
linux_kernel,5.10.140,CVE-2022-45934,,An issue was discovered in the Linux kernel through 6.0.10. l2cap_config_req in net/bluetooth/l2cap_
linux_kernel,5.10.140,CVE-2022-4378,,A stack overflow flaw was found in the Linux kernel's SYSCTL subsystem in how a user changes certain
linux_kernel,5.10.140,CVE-2022-4379,,A use-after-free vulnerability was found in __nfs42_ssc_open() in fs/nfs/nfs4file.c in the Linux ker
linux_kernel,5.10.140,CVE-2022-43945,,The Linux kernel NFSD implementation prior to versions 5.19.17 and 6.0.2 are vulnerable to buffer ov
linux_kernel,5.10.140,CVE-2022-44032,,An issue was discovered in the Linux kernel through 6.0.6. drivers/char/pcmcia/cm4000_cs.c has a rac
linux_kernel,5.10.140,CVE-2022-44033,,An issue was discovered in the Linux kernel through 6.0.6. drivers/char/pcmcia/cm4040_cs.c has a rac
linux_kernel,5.10.140,CVE-2022-44034,,An issue was discovered in the Linux kernel through 6.0.6. drivers/char/pcmcia/scr24x_cs.c has a rac
linux_kernel,5.10.140,CVE-2022-48423,,"In the Linux kernel before 6.1.3, fs/ntfs3/record.c does not validate resident attribute names. An o"
linux_kernel,5.10.140,CVE-2022-48619,,An issue was discovered in drivers/input/input.c in the Linux kernel before 5.17.10. An attacker can
linux_kernel,5.10.140,CVE-2021-20322,,A flaw in the processing of received ICMP errors (ICMP fragment needed and ICMP redirect) in the Lin
linux_kernel,5.10.140,CVE-2021-23134,,Use After Free vulnerability in nfc sockets in the Linux Kernel before 5.12.4 allows local attackers
linux_kernel,5.10.140,CVE-2021-33034,,"In the Linux kernel before 5.12.4, net/bluetooth/hci_event.c has a use-after-free when destroying an"
linux_kernel,5.10.140,CVE-2021-45486,,"In the IPv4 implementation in the Linux kernel before 5.12.4, net/ipv4/route.c has an information le"
linux_kernel,5.10.140,CVE-2021-20194,,There is a vulnerability in the linux kernel versions higher than 5.2 (if kernel compiled with confi
linux_kernel,5.10.140,CVE-2021-27363,,An issue was discovered in the Linux kernel through 5.11.3. A kernel pointer leak can be used to det
linux_kernel,5.10.140,CVE-2021-27364,,An issue was discovered in the Linux kernel through 5.11.3. drivers/scsi/scsi_transport_iscsi.c is a
linux_kernel,5.10.140,CVE-2021-27365,,An issue was discovered in the Linux kernel through 5.11.3. Certain iSCSI data structures do not hav
linux_kernel,5.10.140,CVE-2021-28039,,"An issue was discovered in the Linux kernel 5.9.x through 5.11.3, as used with Xen. In some less-com"
linux_kernel,5.10.140,CVE-2021-31916,,An out-of-bounds (OOB) memory write flaw was found in list_devices in drivers/md/dm-ioctl.c in the M
linux_kernel,5.10.140,CVE-2021-3483,,A flaw was found in the Nosy driver in the Linux kernel. This issue allows a device to be inserted t
linux_kernel,5.10.140,CVE-2021-3501,,"A flaw was found in the Linux kernel in versions before 5.12. The value of internal.ndata, in the KV"
linux_kernel,5.10.140,CVE-2021-3506,,An out-of-bounds (OOB) memory access flaw was found in fs/f2fs/node.c in the f2fs module in the Linu
linux_kernel,5.10.140,CVE-2021-3659,,A NULL pointer dereference flaw was found in the Linux kernel’s IEEE 802.15.4 wireless networking su
linux_kernel,5.10.140,CVE-2020-35508,,A flaw possibility of race condition and incorrect initialization of the process id was found in the
linux_kernel,5.10.140,CVE-2021-32078,,An Out-of-Bounds Read was discovered in arch/arm/mach-footbridge/personal-pci.c in the Linux kernel 
linux_kernel,5.10.140,CVE-2021-32399,,net/bluetooth/hci_request.c in the Linux kernel through 5.12.2 has a race condition for removal of t
linux_kernel,5.10.140,CVE-2021-33033,,The Linux kernel before 5.11.14 has a use-after-free in cipso_v4_genopt in net/ipv4/cipso_ipv4.c bec
linux_kernel,5.10.140,CVE-2021-29646,,An issue was discovered in the Linux kernel before 5.11.11. tipc_nl_retrieve_key in net/tipc/node.c 
linux_kernel,5.10.140,CVE-2021-29647,,An issue was discovered in the Linux kernel before 5.11.11. qrtr_recvmsg in net/qrtr/qrtr.c allows a
linux_kernel,5.10.140,CVE-2021-29648,,An issue was discovered in the Linux kernel before 5.11.11. The BPF subsystem does not properly cons
linux_kernel,5.10.140,CVE-2021-29649,,An issue was discovered in the Linux kernel before 5.11.11. The user mode driver (UMD) has a copy_pr
linux_kernel,5.10.140,CVE-2021-29650,,An issue was discovered in the Linux kernel before 5.11.11. The netfilter subsystem allows attackers
linux_kernel,5.10.140,CVE-2021-30002,,An issue was discovered in the Linux kernel before 5.11.3 when a webcam device exists. video_usercop
linux_kernel,5.10.140,CVE-2021-30178,,An issue was discovered in the Linux kernel through 5.11.11. synic_get in arch/x86/kvm/hyperv.c has 
linux_kernel,5.10.140,CVE-2021-31829,,"kernel/bpf/verifier.c in the Linux kernel through 5.12.1 performs undesirable speculative loads, lea"
linux_kernel,5.10.140,CVE-2021-33624,,"In kernel/bpf/verifier.c in the Linux kernel before 5.12.13, a branch can be mispredicted (e.g., bec"
linux_kernel,5.10.140,CVE-2021-38200,,"arch/powerpc/perf/core-book3s.c in the Linux kernel before 5.12.13, on systems with perf_event_paran"
linux_kernel,5.10.140,CVE-2021-38206,,"The mac80211 subsystem in the Linux kernel before 5.12.13, when a device supporting only 5 GHz is us"
linux_kernel,5.10.140,CVE-2021-38207,,drivers/net/ethernet/xilinx/ll_temac_main.c in the Linux kernel before 5.12.13 allows remote attacke
linux_kernel,5.10.140,CVE-2021-46283,,nf_tables_newset in net/netfilter/nf_tables_api.c in the Linux kernel before 5.12.13 allows local us
linux_kernel,5.10.140,CVE-2021-28691,,Guest triggered use-after-free in Linux xen-netback A malicious or buggy network PV frontend can for
linux_kernel,5.10.140,CVE-2021-28714,,Guest can force Linux netback driver to hog large amounts of kernel memory T[his CNA information rec
linux_kernel,5.10.140,CVE-2021-28715,,Guest can force Linux netback driver to hog large amounts of kernel memory T[his CNA information rec
linux_kernel,5.10.140,CVE-2021-3772,,A flaw was found in the Linux SCTP stack. A blind attacker may be able to kill an existing SCTP asso
linux_kernel,5.10.140,CVE-2021-28950,,"An issue was discovered in fs/fuse/fuse_i.h in the Linux kernel before 5.11.8. A ""stall on CPU"" can "
linux_kernel,5.10.140,CVE-2020-27170,,An issue was discovered in the Linux kernel before 5.11.8. kernel/bpf/verifier.c performs undesirabl
linux_kernel,5.10.140,CVE-2020-27171,,An issue was discovered in the Linux kernel before 5.11.8. kernel/bpf/verifier.c has an off-by-one e
linux_kernel,5.10.140,CVE-2021-28951,,An issue was discovered in fs/io_uring.c in the Linux kernel through 5.11.8. It allows attackers to 
linux_kernel,5.10.140,CVE-2021-28952,,An issue was discovered in the Linux kernel through 5.11.8. The sound/soc/qcom/sdm845.c soundwire de
linux_kernel,5.10.140,CVE-2021-28964,,A race condition was discovered in get_old_root in fs/btrfs/ctree.c in the Linux kernel through 5.11
linux_kernel,5.10.140,CVE-2021-28971,,In intel_pmu_drain_pebs_nhm in arch/x86/events/intel/ds.c in the Linux kernel through 5.11.8 on some
linux_kernel,5.10.140,CVE-2021-29155,,An issue was discovered in the Linux kernel through 5.11.x. kernel/bpf/verifier.c performs undesirab
linux_kernel,5.10.140,CVE-2021-29264,,An issue was discovered in the Linux kernel through 5.11.10. drivers/net/ethernet/freescale/gianfar.
linux_kernel,5.10.140,CVE-2021-29265,,An issue was discovered in the Linux kernel before 5.11.7. usbip_sockfd_store in drivers/usb/usbip/s
linux_kernel,5.10.140,CVE-2021-34556,,"In the Linux kernel through 5.13.7, an unprivileged BPF program can obtain sensitive information fro"
linux_kernel,5.10.140,CVE-2021-35477,,"In the Linux kernel through 5.13.7, an unprivileged BPF program can obtain sensitive information fro"
linux_kernel,5.10.140,CVE-2021-34693,,net/can/bcm.c in the Linux kernel through 5.12.10 allows local users to obtain sensitive information
linux_kernel,5.10.140,CVE-2021-38160,,"In drivers/char/virtio_console.c in the Linux kernel before 5.13.4, data corruption or loss can be t"
linux_kernel,5.10.140,CVE-2021-38199,,"fs/nfs/nfs4client.c in the Linux kernel before 5.13.4 has incorrect connection-setup ordering, which"
linux_kernel,5.10.140,CVE-2021-38201,,net/sunrpc/xdr.c in the Linux kernel before 5.13.4 allows remote attackers to cause a denial of serv
linux_kernel,5.10.140,CVE-2021-38202,,fs/nfsd/trace.h in the Linux kernel before 5.13.4 might allow remote attackers to cause a denial of 
linux_kernel,5.10.140,CVE-2021-38203,,btrfs in the Linux kernel before 5.13.4 allows attackers to cause a denial of service (deadlock) via
linux_kernel,5.10.140,CVE-2021-38166,,"In kernel/bpf/hashtab.c in the Linux kernel through 5.13.8, there is an integer overflow and out-of-"
linux_kernel,5.10.140,CVE-2021-38198,,arch/x86/kvm/mmu/paging_tmpl.h in the Linux kernel before 5.12.11 incorrectly computes the access pe
linux_kernel,5.10.140,CVE-2021-38204,,drivers/usb/host/max3421-hcd.c in the Linux kernel before 5.13.6 allows physically proximate attacke
linux_kernel,5.10.140,CVE-2021-38205,,drivers/net/ethernet/xilinx/xilinx_emaclite.c in the Linux kernel before 5.13.3 makes it easier for 
linux_kernel,5.10.140,CVE-2021-45485,,"In the IPv6 implementation in the Linux kernel before 5.13.3, net/ipv6/output_core.c has an informat"
linux_kernel,5.10.140,CVE-2021-38208,,net/nfc/llcp_sock.c in the Linux kernel before 5.12.10 allows local unprivileged users to cause a de
linux_kernel,5.10.140,CVE-2021-38209,,net/netfilter/nf_conntrack_standalone.c in the Linux kernel before 5.12.2 allows observation of chan
linux_kernel,5.10.140,CVE-2021-3847,,An unauthorized access to the execution of the setuid file with capabilities flaw in the Linux kerne
linux_kernel,5.10.140,CVE-2021-3923,,A flaw was found in the Linux kernel's implementation of RDMA over infiniband. An attacker with a pr
linux_kernel,5.10.140,CVE-2021-3564,,A flaw double-free memory corruption in the Linux kernel HCI device initialization subsystem was fou
linux_kernel,5.10.140,CVE-2021-3573,,A use-after-free in function hci_sock_bound_ioctl() of the Linux kernel HCI subsystem was found in t
linux_kernel,5.10.140,CVE-2020-26558,,Bluetooth LE and BR/EDR secure pairing in Bluetooth Core Specification 2.1 through 5.2 may permit a 
linux_kernel,5.10.140,CVE-2021-37159,,hso_free_net_device in drivers/net/usb/hso.c in the Linux kernel through 5.13.4 calls unregister_net
linux_kernel,5.10.140,CVE-2021-3736,,A flaw was found in the Linux kernel. A memory leak problem was found in mbochs_ioctl in samples/vfi
linux_kernel,5.10.140,CVE-2021-3739,,A NULL pointer dereference flaw was found in the btrfs_rm_device function in fs/btrfs/volumes.c in t
linux_kernel,5.10.140,CVE-2021-3764,,A memory leak flaw was found in the Linux kernel's ccp_run_aes_gcm_cmd() function that allows an att
binutils,2.33.50,CVE-2022-38533,,"In GNU Binutils before 2.40, there is a heap-buffer-overflow in the error function bfd_getl32 when c"
binutils,2.33.50,CVE-2022-47673,,"An issue was discovered in Binutils addr2line before 2.39.3, function parse_module contains multiple"
binutils,2.33.50,CVE-2022-47695,,An issue was discovered Binutils objdump before 2.39.3 allows attackers to cause a denial of service
binutils,2.33.50,CVE-2022-47696,,An issue was discovered Binutils objdump before 2.39.3 allows attackers to cause a denial of service
binutils,2.33.50,CVE-2022-44840,,Heap buffer overflow vulnerability in binutils readelf before 2.40 via function find_section_in_set 
binutils,2.33.50,CVE-2022-45703,,Heap buffer overflow vulnerability in binutils readelf before 2.40 via function display_debug_sectio
binutils,2.33.50,CVE-2022-48063,,GNU Binutils before 2.40 was discovered to contain an excessive memory consumption vulnerability via
binutils,2.33.50,CVE-2022-48064,,GNU Binutils before 2.40 was discovered to contain an excessive memory consumption vulnerability via
binutils,2.33.50,CVE-2022-48065,,GNU Binutils before 2.40 was discovered to contain a memory leak vulnerability var the function find
binutils,2.33.50,CVE-2021-20197,,There is an open race window when writing output in the following utilities in GNU binutils version 
binutils,2.33.50,CVE-2021-45078,,stab_xcoff_builtin_type in stabs.c in GNU Binutils through 2.37 allows attackers to cause a denial o
binutils,2.33.50,CVE-2021-46174,,Heap-based Buffer Overflow in function bfd_getl32 in Binutils objdump 3.37.
binutils,2.33.50,CVE-2020-19724,,A memory consumption issue in get_data function in binutils/nm.c in GNU nm before 2.34 allows attack
binutils,2.33.50,CVE-2020-21490,,An issue was discovered in GNU Binutils 2.34. It is a memory leak when process microblaze-dis.c. Thi
binutils,2.33.50,CVE-2020-35342,,GNU Binutils before 2.34 has an uninitialized-heap vulnerability in function tic4x_print_cond (file 
binutils,2.33.50,CVE-2020-35493,,A flaw exists in binutils in bfd/pef.c. An attacker who is able to submit a crafted PEF file to be p
binutils,2.33.50,CVE-2020-35494,,There's a flaw in binutils /opcodes/tic4x-dis.c. An attacker who is able to submit a crafted input f
binutils,2.33.50,CVE-2020-35495,,There's a flaw in binutils /bfd/pef.c. An attacker who is able to submit a crafted input file to be 
binutils,2.33.50,CVE-2020-35496,,There's a flaw in bfd_pef_scan_start_address() of bfd/pef.c in binutils which could allow an attacke
binutils,2.33.50,CVE-2020-35507,,There's a flaw in bfd_pef_parse_function_stubs of bfd/pef.c in binutils in versions prior to 2.34 wh
binutils,2.33.50,CVE-2025-0840,,"A vulnerability, which was classified as problematic, was found in GNU Binutils up to 2.43. This aff"
busybox,1.36.1,CVE-2023-42363,,A use-after-free vulnerability was discovered in xasprintf function in xfuncs_printf.c:344 in BusyBo
busybox,1.36.1,CVE-2023-42364,,A use-after-free vulnerability in BusyBox v.1.36.1 allows attackers to cause a denial of service via
busybox,1.36.1,CVE-2023-42365,,A use-after-free vulnerability was discovered in BusyBox v.1.36.1 via a crafted awk pattern in the a
busybox,1.36.1,CVE-2023-42366,,A heap-buffer-overflow was discovered in BusyBox v.1.36.1 in the next_token function at awk.c:1159.
file,1.2.2,CVE-2022-48554,,"File before 5.43 has an stack-based buffer over-read in file_copystr in funcs.c. NOTE: ""File"" is the"
file,1.2.2,CVE-2019-18218,,cdf_read_property_info in cdf.c in file through 5.37 does not restrict the number of CDF_VECTOR elem
file,1.2.2,CVE-2009-3930,,Multiple integer overflows in Christos Zoulas file before 5.02 allow user-assisted remote attackers 
file,1.2.2,CVE-2007-1536,,"Integer underflow in the file_printf function in the ""file"" program before 4.20 allows user-assisted"
file,1.2.2,CVE-2014-0207,,"The cdf_read_short_sector function in cdf.c in file before 5.19, as used in the Fileinfo component i"
file,1.2.2,CVE-2014-2270,,softmagic.c in file before 5.17 and libmagic allows context-dependent attackers to cause a denial of
file,1.2.2,CVE-2014-3587,,"Integer overflow in the cdf_read_property_info function in cdf.c in file through 5.19, as used in th"
file,1.2.2,CVE-2014-3478,,"Buffer overflow in the mconvert function in softmagic.c in file before 5.19, as used in the Fileinfo"
file,1.2.2,CVE-2014-3538,,"file before 5.19 does not properly restrict the amount of data read during a regex search, which all"
file,1.2.2,CVE-2014-3479,,"The cdf_check_stream_offset function in cdf.c in file before 5.19, as used in the Fileinfo component"
file,1.2.2,CVE-2014-3480,,"The cdf_count_chain function in cdf.c in file before 5.19, as used in the Fileinfo component in PHP "
file,1.2.2,CVE-2014-3487,,"The cdf_read_property_info function in file before 5.19, as used in the Fileinfo component in PHP be"
file,1.2.2,CVE-2014-9653,,"readelf.c in file before 5.22, as used in the Fileinfo component in PHP before 5.4.37, 5.5.x before "
file,1.2.2,CVE-2014-8117,,"softmagic.c in file before 5.21 does not properly limit recursion, which allows remote attackers to "
file,1.2.2,CVE-2014-9652,,"The mconvert function in softmagic.c in file before 5.21, as used in the Fileinfo component in PHP b"
file,1.2.2,CVE-2013-7345,,The BEGIN regular expression in the awk script detector in magic/Magdir/commands in file before 5.15
file,1.2.2,CVE-2012-1571,,file before 5.11 and libmagic allow remote attackers to cause a denial of service (crash) via a craf
glibc,2.39,CVE-2010-4756,,The glob implementation in the GNU C Library (aka glibc or libc6) allows remote authenticated users 
gsoap,2.8,CVE-2019-7659,,Genivia gSOAP 2.7.x and 2.8.x before 2.8.75 allows attackers to cause a denial of service (applicati
libxml2,2.12.06,CVE-2025-27113,,libxml2 before 2.12.10 and 2.13.x before 2.13.6 has a NULL pointer dereference in xmlPatMatch in pat
logrotate,3.21.0,CVE-2011-1548,,The default configuration of logrotate on Debian GNU/Linux uses root privileges to process files in 
logrotate,3.21.0,CVE-2011-1549,,The default configuration of logrotate on Gentoo Linux uses root privileges to process files in dire
logrotate,3.21.0,CVE-2011-1550,,The default configuration of logrotate on SUSE openSUSE Factory uses root privileges to process file
sendmail,8.8.4,CVE-2023-51765,,sendmail through 8.17.2 allows SMTP smuggling in certain configurations. Remote attackers can use a 
sendmail,8.8.4,CVE-2021-3618,,"ALPACA is an application layer protocol content confusion attack, exploiting TLS servers implementin"
sendmail,8.8.4,CVE-2006-1173,,"Sendmail before 8.13.7 allows remote attackers to cause a denial of service via deeply nested, malfo"
sendmail,8.8.4,CVE-1999-0478,,Denial of service in HP-UX sendmail 8.8.6 related to accepting connections.
sendmail,8.8.4,CVE-1999-1109,,Sendmail before 8.10.0 allows remote attackers to cause a denial of service by sending a series of E
sendmail,8.8.4,CVE-1999-0047,,MIME conversion buffer overflow in sendmail versions 8.8.3 and 8.8.4.
sendmail,8.8.4,CVE-2000-0319,,mail.local in Sendmail 8.10.x does not properly identify the .\n string which identifies the end of 
sendmail,8.8.4,CVE-1999-0145,,"Sendmail WIZ command enabled, allowing root access."
sendmail,8.8.4,CVE-1999-0163,,"In older versions of Sendmail, an attacker could use a pipe character to execute root commands."
sendmail,8.8.4,CVE-2001-0713,,Sendmail before 8.12.1 does not properly drop privileges when the -C option is used to load custom c
sendmail,8.8.4,CVE-2001-0714,,"Sendmail before 8.12.1, without the RestrictQueueRun option enabled, allows local users to cause a d"
sendmail,8.8.4,CVE-2001-0715,,"Sendmail before 8.12.1, without the RestrictQueueRun option enabled, allows local users to obtain po"
sendmail,8.8.4,CVE-2014-3956,,"The sm_close_on_exec function in conf.c in sendmail before 8.14.9 has arguments in the wrong order, "
sendmail,8.8.4,CVE-2009-4565,,sendmail before 8.14.4 does not properly handle a '\0' character in a Common Name (CN) field of an X
sendmail,8.8.4,CVE-2009-1490,,Heap-based buffer overflow in Sendmail before 8.13.2 allows remote attackers to cause a denial of se
sendmail,8.8.4,CVE-2006-4434,,Use-after-free vulnerability in Sendmail before 8.13.8 allows remote attackers to cause a denial of 
sendmail,8.8.4,CVE-2002-1337,,Buffer overflow in Sendmail 5.79 to 8.12.7 allows remote attackers to execute arbitrary code via cer
systemd,3.2.14,CVE-2023-26604,,systemd before 247 does not adequately block local privilege escalation for some Sudo configurations
systemd,3.2.14,CVE-2022-3821,,An off-by-one Error issue was discovered in Systemd in format_timespan() function of time-util.c. An
systemd,3.2.14,CVE-2021-33910,,"basic/unit-name.c in systemd prior to 246.15, 247.8, 248.5, and 249.1 has a Memory Allocation with a"
systemd,3.2.14,CVE-2020-1712,,"A heap use-after-free vulnerability was found in systemd before version v245-rc1, where asynchronous"
systemd,3.2.14,CVE-2020-13776,,systemd through v245 mishandles numerical usernames such as ones composed of decimal digits or 0x fo
systemd,3.2.14,CVE-2019-20386,,An issue was discovered in button_open in login/logind-button.c in systemd before 243. When executin
systemd,3.2.14,CVE-2019-3842,,"In systemd before v242-rc4, it was discovered that pam_systemd does not properly sanitize the enviro"
systemd,3.2.14,CVE-2019-3843,,It was discovered that a systemd service that uses DynamicUser property can create a SUID/SGID binar
systemd,3.2.14,CVE-2019-3844,,It was discovered that a systemd service that uses DynamicUser property can get new privileges throu
systemd,3.2.14,CVE-2018-1049,,In systemd prior to 234 a race condition exists between .mount and .automount units such that automo
systemd,3.2.14,CVE-2018-15686,,A vulnerability in unit_deserialize of systemd allows an attacker to supply arbitrary state across s
systemd,3.2.14,CVE-2018-15688,,A buffer overflow vulnerability in the dhcp6 client of systemd allows a malicious dhcp6 server to ov
systemd,3.2.14,CVE-2018-6954,,"systemd-tmpfiles in systemd through 237 mishandles symlinks present in non-terminal path components,"
systemd,3.2.14,CVE-2018-16864,,"An allocation of memory without limits, that could result in the stack clashing with another memory "
systemd,3.2.14,CVE-2018-16865,,"An allocation of memory without limits, that could result in the stack clashing with another memory "
systemd,3.2.14,CVE-2018-16888,,It was discovered systemd does not correctly check the content of PIDFile files before using it to k
systemd,3.2.14,CVE-2017-18078,,systemd-tmpfiles in systemd before 237 attempts to support ownership/permission changes on hardlinke
systemd,3.2.14,CVE-2017-9217,,systemd-resolved through 233 allows remote attackers to cause a denial of service (daemon crash) via
systemd,3.2.14,CVE-2016-7795,,The manager_invoke_notify_message function in systemd 231 and earlier allows local users to cause a 
systemd,3.2.14,CVE-2013-4327,,"systemd does not properly use D-Bus for communication with a polkit authority, which allows local us"
systemd,3.2.14,CVE-2013-4391,,Integer overflow in the valid_user_field function in journal/journald-native.c in systemd allows rem
systemd,3.2.14,CVE-2013-4392,,"systemd, when updating file permissions, allows local users to change the permissions and SELinux se"
systemd,3.2.14,CVE-2013-4393,,"journald in systemd, when the origin of native messages is set to file, allows local users to cause "
systemd,3.2.14,CVE-2013-4394,,"The SetX11Keyboard function in systemd, when PolicyKit Local Authority (PKLA) is used to change the "
systemd,3.2.14,CVE-2012-0871,,"The session_link_x11_socket function in login/logind-session.c in systemd-logind in systemd, possibl"
u-boot,2021.07,CVE-2022-2347,,There exists an unchecked length field in UBoot. The U-Boot DFU implementation does not bound the le
u-boot,2021.07,CVE-2022-30767,,nfs_lookup_reply in net/nfs.c in Das U-Boot through 2022.04 (and through 2022.07-rc2) has an unbound
u-boot,2021.07,CVE-2022-34835,,"In Das U-Boot through 2022.07-rc5, an integer signedness error and resultant stack-based buffer over"
u-boot,2021.07,CVE-2022-33103,,Das U-Boot from v2020.10 to v2022.07-rc3 was discovered to contain an out-of-bounds write via the fu
zlib,1.2.11,CVE-2023-45853,,MiniZip in zlib through 1.3 has an integer overflow and resultant heap-based buffer overflow in zipO
zlib,1.2.11,CVE-2023-6992,,Cloudflare version of zlib library was found to be vulnerable to memory corruption issues affecting 
zlib,1.2.11,CVE-2022-37434,,zlib through 1.2.12 has a heap-based buffer over-read or buffer overflow in inflate in inflate.c via
zlib,1.2.11,CVE-2018-25032,,"zlib before 1.2.12 allows memory corruption when deflating (i.e., when compressing) if the input has"
zlib,1.2.11,CVE-2013-0296,,Race condition in pigz before 2.2.5 uses permissions derived from the umask when compressing a file 
zlib,1.3.1,CVE-2023-6992,,Cloudflare version of zlib library was found to be vulnerable to memory corruption issues affecting 
zlib,1.3.1,CVE-2013-0296,,Race condition in pigz before 2.2.5 uses permissions derived from the umask when compressing a file 
python,3.12.6,CVE-2023-44271,,An issue was discovered in Pillow before 10.0.0. It is a Denial of Service that uncontrollably alloc
python,3.12.6,CVE-2022-22815,,path_getbbox in path.c in Pillow before 9.0.0 improperly initializes ImagePath.Path.
python,3.12.6,CVE-2022-22816,,path_getbbox in path.c in Pillow before 9.0.0 has a buffer over-read during initialization of ImageP
python,3.12.6,CVE-2022-22817,,"PIL.ImageMath.eval in Pillow before 9.0.0 allows evaluation of arbitrary expressions, such as ones t"
python,3.12.6,CVE-2022-24303,,Pillow before 9.0.1 allows attackers to delete files because spaces in temporary pathnames are misha
python,3.12.6,CVE-2022-40897,,Python Packaging Authority (PyPA) setuptools before 65.5.1 allows remote attackers to cause a denial
python,3.12.6,CVE-2022-45198,,Pillow before 9.2.0 performs Improper Handling of Highly Compressed GIF Data (Data Amplification).
python,3.12.6,CVE-2022-45199,,Pillow before 9.3.0 allows denial of service via SAMPLESPERPIXEL.
python,3.12.6,CVE-2021-25287,,"An issue was discovered in Pillow before 8.2.0. There is an out-of-bounds read in J2kDecode, in j2ku"
python,3.12.6,CVE-2021-25288,,"An issue was discovered in Pillow before 8.2.0. There is an out-of-bounds read in J2kDecode, in j2ku"
python,3.12.6,CVE-2021-28675,,An issue was discovered in Pillow before 8.2.0. PSDImagePlugin.PsdImageFile lacked a sanity check on
python,3.12.6,CVE-2021-28676,,"An issue was discovered in Pillow before 8.2.0. For FLI data, FliDecode did not properly check that "
python,3.12.6,CVE-2021-28677,,"An issue was discovered in Pillow before 8.2.0. For EPS data, the readline implementation used in EP"
python,3.12.6,CVE-2021-28678,,"An issue was discovered in Pillow before 8.2.0. For BLP data, BlpImagePlugin did not properly check "
python,3.12.6,CVE-2021-25289,,An issue was discovered in Pillow before 8.1.1. TiffDecode has a heap-based buffer overflow when dec
python,3.12.6,CVE-2021-25290,,"An issue was discovered in Pillow before 8.1.1. In TiffDecode.c, there is a negative-offset memcpy w"
python,3.12.6,CVE-2021-25291,,"An issue was discovered in Pillow before 8.1.1. In TiffDecode.c, there is an out-of-bounds read in T"
python,3.12.6,CVE-2021-25292,,An issue was discovered in Pillow before 8.1.1. The PDF parser allows a regular expression DoS (ReDo
python,3.12.6,CVE-2021-25293,,An issue was discovered in Pillow before 8.1.1. There is an out-of-bounds read in SGIRleDecode.c.
python,3.12.6,CVE-2021-27921,,Pillow before 8.1.1 allows attackers to cause a denial of service (memory consumption) because the r
python,3.12.6,CVE-2021-27922,,Pillow before 8.1.1 allows attackers to cause a denial of service (memory consumption) because the r
python,3.12.6,CVE-2021-27923,,Pillow before 8.1.1 allows attackers to cause a denial of service (memory consumption) because the r
python,3.12.6,CVE-2021-34552,,Pillow through 8.2.0 and PIL (aka Python Imaging Library) through 1.1.7 allow an attacker to pass co
python,3.12.6,CVE-2020-10177,,Pillow before 7.1.0 has multiple out-of-bounds reads in libImaging/FliDecode.c.
python,3.12.6,CVE-2020-10378,,"In libImaging/PcxDecode.c in Pillow before 7.1.0, an out-of-bounds read can occur when reading PCX f"
python,3.12.6,CVE-2020-10379,,"In Pillow before 7.1.0, there are two Buffer Overflows in libImaging/TiffDecode.c."
python,3.12.6,CVE-2020-10994,,"In libImaging/Jpeg2KDecode.c in Pillow before 7.1.0, there are multiple out-of-bounds reads via a cr"
python,3.12.6,CVE-2020-11538,,"In libImaging/SgiRleDecode.c in Pillow through 7.0.0, a number of out-of-bounds reads exist in the p"
python,3.12.6,CVE-2020-35653,,"In Pillow before 8.1.0, PcxDecode has a buffer over-read when decoding a crafted PCX file because th"
python,3.12.6,CVE-2020-35654,,"In Pillow before 8.1.0, TiffDecode has a heap-based buffer overflow when decoding crafted YCbCr file"
python,3.12.6,CVE-2020-5310,,"libImaging/TiffDecode.c in Pillow before 6.2.2 has a TIFF decoding integer overflow, related to real"
python,3.12.6,CVE-2020-5311,,libImaging/SgiRleDecode.c in Pillow before 6.2.2 has an SGI buffer overflow.
python,3.12.6,CVE-2020-5312,,libImaging/PcxDecode.c in Pillow before 6.2.2 has a PCX P mode buffer overflow.
python,3.12.6,CVE-2020-5313,,libImaging/FliDecode.c in Pillow before 6.2.2 has an FLI buffer overflow.
python,3.12.6,CVE-2019-19911,,There is a DoS vulnerability in Pillow before 6.2.2 caused by FpxImagePlugin.py calling the range fu
python,3.12.6,CVE-2019-16865,,"An issue was discovered in Pillow before 6.2.0. When reading specially crafted invalid image files, "
python,3.12.6,CVE-2023-50447,,Pillow through 10.1.0 allows PIL.ImageMath.eval Arbitrary Code Execution via the environment paramet
systemd,251,CVE-2022-3821,,An off-by-one Error issue was discovered in Systemd in format_timespan() function of time-util.c. An
systemd,251,CVE-2022-45873,,systemd 250 and 251 allows local users to achieve a systemd-coredump deadlock by triggering a crash 
systemd,251,CVE-2022-4415,,A vulnerability was found in systemd. This security flaw can cause a local information leak due to s
libxml2,2.12.06,CVE-2025-32414,,"In libxml2 before 2.13.8 and 2.14.x before 2.14.2, out-of-bounds memory access can occur in the Pyth"
libxml2,2.12.06,CVE-2025-32415,,"In libxml2 before 2.13.8 and 2.14.x before 2.14.2, xmlSchemaIDCFillNodeTables in xmlschemas.c has a "
linux_kernel,5.10.140,CVE-2022-49880,,"In the Linux kernel, the following vulnerability has been resolved:  ext4: fix warning in 'ext4_da_r"
linux_kernel,5.10.140,CVE-2022-49887,,"In the Linux kernel, the following vulnerability has been resolved:  media: meson: vdec: fix possibl"
linux_kernel,5.10.140,CVE-2022-49890,,"In the Linux kernel, the following vulnerability has been resolved:  capabilities: fix potential mem"
linux_kernel,5.10.140,CVE-2022-49915,,"In the Linux kernel, the following vulnerability has been resolved:  mISDN: fix possible memory leak"
linux_kernel,5.10.140,CVE-2022-49921,,"In the Linux kernel, the following vulnerability has been resolved:  net: sched: Fix use after free "
linux_kernel,5.10.140,CVE-2022-49922,,"In the Linux kernel, the following vulnerability has been resolved:  nfc: nfcmrvl: Fix potential mem"
linux_kernel,5.10.140,CVE-2022-49925,,"In the Linux kernel, the following vulnerability has been resolved:  RDMA/core: Fix null-ptr-deref i"
linux_kernel,5.10.140,CVE-2022-49926,,"In the Linux kernel, the following vulnerability has been resolved:  net: dsa: Fix possible memory l"
linux_kernel,5.10.140,CVE-2022-49927,,"In the Linux kernel, the following vulnerability has been resolved:  nfs4: Fix kmemleak when allocat"
linux_kernel,5.10.140,CVE-2022-49909,,"In the Linux kernel, the following vulnerability has been resolved:  Bluetooth: L2CAP: fix use-after"
linux_kernel,5.10.140,CVE-2022-49857,,"In the Linux kernel, the following vulnerability has been resolved:  net: marvell: prestera: fix mem"
python,3.12.6,CVE-2024-9287,,A vulnerability has been found in the CPython `venv` module and CLI where path names provided when c
linux_kernel,5.10.140,CVE-2021-47275,,"In the Linux kernel, the following vulnerability has been resolved:  bcache: avoid oversized read re"
sqlite,3.45.1,CVE-2025-29087,,"In SQLite 3.44.0 through 3.49.0 before 3.49.1, the concat_ws() SQL function can cause memory to be w"
